<?xml version="1.0" encoding="UTF-8"?>

<StructureDefinition xmlns="http://hl7.org/fhir">
  <id value="FoodAllergyModelZZ"/>
  <text>
    <status value="extensions"/><div xmlns="http://www.w3.org/1999/xhtml"><table border="0" cellpadding="0" cellspacing="0" style="border: 0px #F0F0F0 solid; font-size: 11px; font-family: verdana; vertical-align: top;"><tr style="border: 1px #F0F0F0 solid; font-size: 11px; font-family: verdana; vertical-align: top"><th style="vertical-align: top; text-align : left; background-color: white; border: 0px #F0F0F0 solid; padding:0px 4px 0px 4px" class="hierarchy"><a href="http://hl7.org/fhir/R4/formats.html#table" title="The logical name of the element">Name</a></th><th style="vertical-align: top; text-align : left; background-color: white; border: 0px #F0F0F0 solid; padding:0px 4px 0px 4px" class="hierarchy"><a href="http://hl7.org/fhir/R4/formats.html#table" title="Information about the use of the element">Flags</a></th><th style="vertical-align: top; text-align : left; background-color: white; border: 0px #F0F0F0 solid; padding:0px 4px 0px 4px" class="hierarchy"><a href="http://hl7.org/fhir/R4/formats.html#table" title="Minimum and Maximum # of times the the element can appear in the instance">Card.</a></th><th style="width: 100px" class="hierarchy"><a href="http://hl7.org/fhir/R4/formats.html#table" title="Reference to the type of the element">Type</a></th><th style="vertical-align: top; text-align : left; background-color: white; border: 0px #F0F0F0 solid; padding:0px 4px 0px 4px" class="hierarchy"><a href="http://hl7.org/fhir/R4/formats.html#table" title="Additional information about the element">Description &amp; Constraints</a><span style="float: right"><a href="http://hl7.org/fhir/R4/formats.html#table" title="Legend for this format"><img src="http://hl7.org/fhir/R4/help16.png" alt="doco" style="background-color: inherit"/></a></span></th></tr><tr style="border: 0px #F0F0F0 solid; padding:0px; vertical-align: top; background-color: white"><td style="vertical-align: top; text-align : left; background-color: white; border: 0px #F0F0F0 solid; padding:0px 4px 0px 4px; white-space: nowrap; background-image: url(tbl_bck1.png)" class="hierarchy"><img src="tbl_spacer.png" alt="." style="background-color: inherit" class="hierarchy"/><img src="icon_element.gif" alt="." style="background-color: white; background-color: inherit" title="Element" class="hierarchy"/> <a href="StructureDefinition-FoodAllergyModelZZ-definitions.html#FoodAllergyModelZZ">FoodAllergyModelZZ</a><a name="FoodAllergyModelZZ"> </a></td><td style="vertical-align: top; text-align : left; background-color: white; border: 0px #F0F0F0 solid; padding:0px 4px 0px 4px" class="hierarchy"/><td style="vertical-align: top; text-align : left; background-color: white; border: 0px #F0F0F0 solid; padding:0px 4px 0px 4px" class="hierarchy"/><td style="vertical-align: top; text-align : left; background-color: white; border: 0px #F0F0F0 solid; padding:0px 4px 0px 4px" class="hierarchy"><a href="https://build.fhir.org/ig/openhie/FoodAllergy-webinar//StructureDefinition-FoodAllergyModel.html">FoodAllergyModel</a></td><td style="vertical-align: top; text-align : left; background-color: white; border: 0px #F0F0F0 solid; padding:0px 4px 0px 4px" class="hierarchy"/></tr>
<tr style="border: 0px #F0F0F0 solid; padding:0px; vertical-align: top; background-color: #F7F7F7"><td style="vertical-align: top; text-align : left; background-color: #F7F7F7; border: 0px #F0F0F0 solid; padding:0px 4px 0px 4px; white-space: nowrap; background-image: url(tbl_bck10.png)" class="hierarchy"><img src="tbl_spacer.png" alt="." style="background-color: inherit" class="hierarchy"/><img src="tbl_vjoin.png" alt="." style="background-color: inherit" class="hierarchy"/><img src="icon_element.gif" alt="." style="background-color: #F7F7F7; background-color: inherit" title="Element" class="hierarchy"/> <a href="StructureDefinition-FoodAllergyModelZZ-definitions.html#FoodAllergyModelZZ.allergen">allergen</a><a name="FoodAllergyModelZZ.allergen"> </a></td><td style="vertical-align: top; text-align : left; background-color: #F7F7F7; border: 0px #F0F0F0 solid; padding:0px 4px 0px 4px" class="hierarchy"/><td style="vertical-align: top; text-align : left; background-color: #F7F7F7; border: 0px #F0F0F0 solid; padding:0px 4px 0px 4px" class="hierarchy"/><td style="vertical-align: top; text-align : left; background-color: #F7F7F7; border: 0px #F0F0F0 solid; padding:0px 4px 0px 4px" class="hierarchy"/><td style="vertical-align: top; text-align : left; background-color: #F7F7F7; border: 0px #F0F0F0 solid; padding:0px 4px 0px 4px" class="hierarchy"><span style="font-weight:bold">Binding: </span><a href="ValueSet-FoodAllergyZZVS.html">Food Allergies</a> (<a href="http://hl7.org/fhir/R4/terminologies.html#extensible" title="To be conformant, the concept in this element SHALL be from the specified value set if any of the codes within the value set can apply to the concept being communicated.  If the value set does not cover the concept (based on human review), alternate codings (or, data type allowing, text) may be included instead.">extensible</a>)</td></tr>
<tr style="border: 0px #F0F0F0 solid; padding:0px; vertical-align: top; background-color: white"><td style="vertical-align: top; text-align : left; background-color: white; border: 0px #F0F0F0 solid; padding:0px 4px 0px 4px; white-space: nowrap; background-image: url(tbl_bck00.png)" class="hierarchy"><img src="tbl_spacer.png" alt="." style="background-color: inherit" class="hierarchy"/><img src="tbl_vjoin_end.png" alt="." style="background-color: inherit" class="hierarchy"/><img src="icon_datatype.gif" alt="." style="background-color: white; background-color: inherit" title="Data Type" class="hierarchy"/> <a href="StructureDefinition-FoodAllergyModelZZ-definitions.html#FoodAllergyModelZZ.allergen" title="The substance - from a list of substances - that the person is allergic to. It is possible to use free text but for the products indicated, a code must be used">allergen</a><a name="FoodAllergyModelZZ.allergen"> </a></td><td style="vertical-align: top; text-align : left; background-color: white; border: 0px #F0F0F0 solid; padding:0px 4px 0px 4px" class="hierarchy"/><td style="vertical-align: top; text-align : left; background-color: white; border: 0px #F0F0F0 solid; padding:0px 4px 0px 4px" class="hierarchy">1..1</td><td style="vertical-align: top; text-align : left; background-color: white; border: 0px #F0F0F0 solid; padding:0px 4px 0px 4px" class="hierarchy"><a href="http://hl7.org/fhir/R4/datatypes.html#CodeableConcept">CodeableConcept</a></td><td style="vertical-align: top; text-align : left; background-color: white; border: 0px #F0F0F0 solid; padding:0px 4px 0px 4px" class="hierarchy">The substance that the person is allergic to</td></tr>
<tr><td colspan="5" class="hierarchy"><br/><a href="http://hl7.org/fhir/R4/formats.html#table" title="Legend for this format"><img src="http://hl7.org/fhir/R4/help16.png" alt="doco" style="background-color: inherit"/> Documentation for this format</a></td></tr></table></div>
  </text>
  <url value="http://ohie.org/fhir/food-allergy/ImplementationGuide/food-allergy-zz/StructureDefinition/FoodAllergyModelZZ"/>
  <version value="0.1.0"/>
  <name value="FoodAllergyModelZZ"/>
  <title value="Food Allergy Logical Model"/>
  <status value="active"/>
  <date value="2022-06-11T23:16:15+00:00"/>
  <publisher value="OpenHIE"/>
  <contact>
    <telecom>
      <system value="url"/>
      <value value="http://ohie.org"/>
    </telecom>
  </contact>
  <description value="Food Allergy information model"/>
  <jurisdiction>
    <coding>
      <system value="http://unstats.un.org/unsd/methods/m49/m49.htm"/>
      <code value="001"/>
    </coding>
  </jurisdiction>
  <fhirVersion value="4.0.1"/>
  <mapping>
    <identity value="rim"/>
    <uri value="http://hl7.org/v3"/>
    <name value="RIM Mapping"/>
  </mapping>
  <kind value="logical"/>
  <abstract value="false"/>
  <type value="http://ohie.org/fhir/food-allergy/ImplementationGuide/food-allergy-zz/StructureDefinition/FoodAllergyModelZZ"/>
  <baseDefinition value="http://ohie.org/fhir/food-allergy/StructureDefinition/FoodAllergyModel"/>
  <derivation value="specialization"/>
  <snapshot>
    <element id="FoodAllergyModel">
      <path value="FoodAllergyModel"/>
      <short value="Food Allergy Logical Model"/>
      <definition value="Food Allergy information model"/>
      <min value="0"/>
      <max value="*"/>
      <base>
        <path value="Base"/>
        <min value="0"/>
        <max value="*"/>
      </base>
      <isModifier value="false"/>
    </element>
    <element id="FoodAllergyModel.patient">
      <path value="FoodAllergyModel.patient"/>
      <short value="The person that has the allergy"/>
      <definition value="The person that has the allergy"/>
      <min value="1"/>
      <max value="1"/>
      <base>
        <path value="FoodAllergyModel.patient"/>
        <min value="1"/>
        <max value="1"/>
      </base>
      <type>
        <code value="Reference"/>
      </type>
    </element>
    <element id="FoodAllergyModel.allergen">
      <path value="FoodAllergyModel.allergen"/>
      <short value="The substance that the person is allergic to"/>
      <definition value="The substance - from a list of substances - that the person is allergic to. It is possible to use free text but for the products indicated, a code must be used"/>
      <min value="1"/>
      <max value="1"/>
      <base>
        <path value="FoodAllergyModel.allergen"/>
        <min value="1"/>
        <max value="1"/>
      </base>
      <type>
        <code value="CodeableConcept"/>
      </type>
    </element>
    <element id="FoodAllergyModel.clinicalStatus">
      <path value="FoodAllergyModel.clinicalStatus"/>
      <short value="The status of the allergy - if it is active or resolved"/>
      <definition value="The status of the allergy - if it is active or resolved"/>
      <min value="1"/>
      <max value="1"/>
      <base>
        <path value="FoodAllergyModel.clinicalStatus"/>
        <min value="1"/>
        <max value="1"/>
      </base>
      <type>
        <code value="CodeableConcept"/>
      </type>
    </element>
    <element id="FoodAllergyModel.verificationStatus">
      <path value="FoodAllergyModel.verificationStatus"/>
      <short value="The verification status of the allergy - if it is confirmed or suspected or refuted"/>
      <definition value="The verification status of the allergy - if it is confirmed or suspected or refuted"/>
      <min value="1"/>
      <max value="1"/>
      <base>
        <path value="FoodAllergyModel.verificationStatus"/>
        <min value="1"/>
        <max value="1"/>
      </base>
      <type>
        <code value="CodeableConcept"/>
      </type>
    </element>
    <element id="FoodAllergyModel.recordedDate">
      <path value="FoodAllergyModel.recordedDate"/>
      <short value="When the allergy was reported"/>
      <definition value="When the allergy was reported"/>
      <min value="0"/>
      <max value="1"/>
      <base>
        <path value="FoodAllergyModel.recordedDate"/>
        <min value="0"/>
        <max value="1"/>
      </base>
      <type>
        <code value="dateTime"/>
      </type>
    </element>
    <element id="FoodAllergyModel.recorder">
      <path value="FoodAllergyModel.recorder"/>
      <short value="Who recorded the allergy"/>
      <definition value="Who recorded the allergy"/>
      <min value="0"/>
      <max value="1"/>
      <base>
        <path value="FoodAllergyModel.recorder"/>
        <min value="0"/>
        <max value="1"/>
      </base>
      <type>
        <code value="Reference"/>
      </type>
    </element>
    <element id="FoodAllergyModel.asserter">
      <path value="FoodAllergyModel.asserter"/>
      <short value="Who asserted the allergy"/>
      <definition value=" who asserted or provided the allergy information e.g. the patient, a relative, a care giver..."/>
      <min value="0"/>
      <max value="1"/>
      <base>
        <path value="FoodAllergyModel.asserter"/>
        <min value="0"/>
        <max value="1"/>
      </base>
      <type>
        <code value="Reference"/>
      </type>
    </element>
    <element id="FoodAllergyModel.reactions">
      <path value="FoodAllergyModel.reactions"/>
      <short value="known past reactions to the allergen"/>
      <definition value="known past reactions to the allergen"/>
      <min value="0"/>
      <max value="1"/>
      <base>
        <path value="FoodAllergyModel.reactions"/>
        <min value="0"/>
        <max value="1"/>
      </base>
      <type>
        <code value="BackboneElement"/>
      </type>
    </element>
    <element id="FoodAllergyModel.reactions.manifestation">
      <path value="FoodAllergyModel.reactions.manifestation"/>
      <short value="How the reaction manifested itself"/>
      <definition value="How the reaction manifested itself, e.g. rash, breathing difficulty..."/>
      <min value="0"/>
      <max value="1"/>
      <base>
        <path value="FoodAllergyModel.reactions.manifestation"/>
        <min value="0"/>
        <max value="1"/>
      </base>
      <type>
        <code value="CodeableConcept"/>
      </type>
    </element>
    <element id="FoodAllergyModel.reactions.certitude">
      <path value="FoodAllergyModel.reactions.certitude"/>
      <short value="How certain we are that the cause of the reaction was the allergen indicated"/>
      <definition value="How certain we are that the cause of the reaction was the allergen indicated"/>
      <min value="0"/>
      <max value="1"/>
      <base>
        <path value="FoodAllergyModel.reactions.certitude"/>
        <min value="0"/>
        <max value="1"/>
      </base>
      <type>
        <code value="CodeableConcept"/>
      </type>
    </element>
    <element id="FoodAllergyModel.reactions.exposure">
      <path value="FoodAllergyModel.reactions.exposure"/>
      <short value="The exposure route to the substance"/>
      <definition value="The exposure route to the substance"/>
      <min value="0"/>
      <max value="1"/>
      <base>
        <path value="FoodAllergyModel.reactions.exposure"/>
        <min value="0"/>
        <max value="1"/>
      </base>
      <type>
        <code value="CodeableConcept"/>
      </type>
    </element>
    <element id="FoodAllergyModel.reactions.note">
      <path value="FoodAllergyModel.reactions.note"/>
      <short value="Additional text note about the allergic reaction"/>
      <definition value="Additional text note about the allergic reaction"/>
      <min value="0"/>
      <max value="1"/>
      <base>
        <path value="FoodAllergyModel.reactions.note"/>
        <min value="0"/>
        <max value="1"/>
      </base>
      <type>
        <code value="string"/>
      </type>
    </element>
    <element id="FoodAllergyModelZZ">
      <path value="FoodAllergyModelZZ"/>
      <base>
        <path value="FoodAllergyModelZZ"/>
        <min value="0"/>
      </base>
    </element>
    <element id="FoodAllergyModelZZ.allergen">
      <path value="FoodAllergyModelZZ.allergen"/>
      <base>
        <path value="FoodAllergyModelZZ.allergen"/>
        <min value="0"/>
      </base>
      <binding>
        <strength value="extensible"/>
        <valueSet value="http://ohie.org/fhir/food-allergy/ImplementationGuide/food-allergy-zz/ValueSet/FoodAllergyZZVS"/>
      </binding>
    </element>
    <element id="FoodAllergyModelZZ.allergen">
      <path value="FoodAllergyModelZZ.allergen"/>
      <short value="The substance that the person is allergic to"/>
      <definition value="The substance - from a list of substances - that the person is allergic to. It is possible to use free text but for the products indicated, a code must be used"/>
      <min value="1"/>
      <max value="1"/>
      <base>
        <path value="FoodAllergyModelZZ.allergen"/>
        <min value="1"/>
        <max value="1"/>
      </base>
      <type>
        <code value="CodeableConcept"/>
      </type>
    </element>
  </snapshot>
  <differential>
    <element id="FoodAllergyModelZZ">
      <path value="FoodAllergyModelZZ"/>
    </element>
    <element id="FoodAllergyModelZZ.allergen">
      <path value="FoodAllergyModelZZ.allergen"/>
      <binding>
        <strength value="extensible"/>
        <valueSet value="http://ohie.org/fhir/food-allergy/ImplementationGuide/food-allergy-zz/ValueSet/FoodAllergyZZVS"/>
      </binding>
    </element>
    <element id="FoodAllergyModelZZ.allergen">
      <path value="FoodAllergyModelZZ.allergen"/>
      <short value="The substance that the person is allergic to"/>
      <definition value="The substance - from a list of substances - that the person is allergic to. It is possible to use free text but for the products indicated, a code must be used"/>
      <min value="1"/>
      <max value="1"/>
      <type>
        <code value="CodeableConcept"/>
      </type>
    </element>
  </differential>
</StructureDefinition>